<?xml version="1.0" encoding="utf-8"?>
<XdsXmlData>
  <DataSections>
    <DataSection name="ScreenInfoList" type="Philips.IntelliVue.XDS.Client.ScreenManagement.Config.ScreenInfoList, Philips.IntelliVue.XDS.Client.ScreenMgnt" />
  </DataSections>
  <ScreenInfoList>
    <AdditionalIScreenSettings>
      <ScreenInfo Name="12 lead rev 2" Description="" Filename="C-13W-12Lead-Ovv-Split-ST-snippets-STmap-R01-hd-Rev002.rds" />
      <ScreenInfo Name="4 wave" Description="" Filename="G-04W-1Tr-R01-hd-Rev001.rds" />
      <ScreenInfo Name="Window 4 wave" Description="" Filename="G-04Wdyn-1Tr-01-hp-hd-Rev001.rds" />
      <ScreenInfo Name="6 wave" Description="" Filename="G-06W-1Tr-R01-hd-Rev001.rds" />
      <ScreenInfo Name="Window 6 wave" Description="" Filename="G-06Wdyn-1Tr-02-hp-hd-Rev001.rds" />
      <ScreenInfo Name="8 Wave" Description="" Filename="G-08W-3Press-R01-hd-Rev001.rds" />
      <ScreenInfo Name="Window 12 lead" Description="" Filename="G-12W-12Lead-STmap-01-hp-hd-Rev002.rds" />
      <ScreenInfo Name="12 lead" Description="" Filename="G-12W-4Press-1Tr-R01-hd-Rev001.rds" />
    </AdditionalIScreenSettings>
  </ScreenInfoList>
</XdsXmlData>